put,4,2,0,0,0,1,1,0,1,0,0,0,0,0
hand,4,0,0,0,0,1,0,0,1,1,0,0,1,0
warm,1,0,0,0,0,0,0,0,1,0,0,0,0,0
bowl,1,0,0,0,0,0,0,0,1,0,0,0,0,0
water,5,0,0,0,1,0,0,0,1,0,2,0,1,0
get,25,0,1,0,1,1,3,4,6,3,5,0,1,0
ass,2,1,0,0,0,0,0,0,1,0,0,0,0,0
vibe,2,0,0,0,0,1,0,0,0,0,0,0,1,0
next,6,0,1,0,1,0,0,1,0,0,1,0,2,0
day,31,0,2,0,6,3,3,2,5,3,2,1,2,1
worth,1,0,0,0,0,0,0,0,0,0,0,0,1,0
everi,2,0,0,0,0,0,0,1,0,0,0,0,1,0
hour,4,0,0,0,1,0,0,1,0,0,1,0,1,0
took,6,0,0,0,2,1,1,1,0,0,0,0,1,0
later,2,0,0,0,1,0,0,0,0,0,0,1,0,0
hello,2,0,1,0,0,0,0,0,0,0,0,1,0,0
final,8,1,2,0,1,0,1,0,1,1,1,0,0,0
make,8,1,0,0,0,2,0,1,0,0,3,0,1,0
nice,9,1,0,0,4,0,2,1,0,0,0,0,1,0
comfort,2,1,0,0,1,0,0,0,0,0,0,0,0,0
delay,1,1,0,0,0,0,0,0,0,0,0,0,0,0
thank,18,0,2,0,1,2,1,1,2,2,5,0,1,1
go,30,1,1,0,5,2,1,7,3,0,6,1,2,1
shade,1,1,0,0,0,0,0,0,0,0,0,0,0,0
back,17,1,1,0,0,1,2,2,3,1,4,1,1,0
move,5,1,1,0,0,0,0,1,0,0,1,0,1,0
thing,12,1,1,0,0,2,0,2,2,2,2,0,0,0
super,2,0,0,0,1,1,0,0,1,0,0,0,0,0
energ,1,0,0,0,1,0,0,0,1,0,0,0,0,0
net,1,0,0,0,1,0,0,0,1,0,0,0,0,0
flight,3,0,0,0,2,0,0,1,1,0,0,0,0,0
tell,1,0,0,0,1,0,0,0,1,0,0,0,0,0
layov,1,0,0,0,0,0,0,0,0,0,1,0,0,0
nap,1,0,0,0,0,0,0,0,0,0,1,0,0,0
time,35,1,3,1,4,3,4,1,9,2,7,0,1,0
head,11,1,1,0,1,1,1,1,0,1,1,2,0,1
south,4,0,0,0,1,1,0,1,0,0,1,0,0,0
lax,2,0,0,0,0,1,0,0,0,0,1,0,0,0
think,11,1,1,1,0,0,2,3,2,2,0,0,1,0
grow,1,0,0,1,0,0,0,0,0,0,0,0,0,0
real,5,0,0,1,1,1,0,0,2,0,1,0,0,0
one,22,0,2,1,1,1,1,1,3,3,6,0,2,0
thought,2,0,0,1,0,0,0,1,0,0,0,0,0,0
good,32,1,0,1,1,2,4,3,7,4,4,1,2,1
last,13,0,1,1,3,0,0,2,1,2,3,0,0,0
night,19,1,2,1,1,0,0,2,7,1,4,0,2,0
found,4,0,0,0,0,1,0,2,1,0,0,0,0,0
new,9,0,0,0,0,2,0,3,2,1,1,0,0,0
friend,2,0,0,0,0,1,0,1,0,0,0,0,0,0
wait,6,0,1,0,2,0,0,0,1,1,1,0,0,0
feder,1,0,0,0,1,0,0,0,0,0,0,0,0,0
build,2,0,0,0,1,0,1,0,0,0,0,0,0,0
like,14,1,1,0,0,0,1,3,1,2,4,0,1,0
play,9,0,0,0,0,2,1,1,2,0,2,0,1,0
ear,1,0,0,0,0,0,0,0,1,0,0,0,0,0
rephras,1,0,0,0,0,0,0,0,0,0,1,0,0,0
man,21,0,1,0,3,3,1,2,3,1,5,0,1,1
anybodi,9,0,2,0,0,0,1,4,0,0,1,1,0,0
wan,1,0,1,0,0,0,0,0,0,0,0,0,0,0
swim,2,0,1,0,0,0,1,0,0,0,0,0,0,0
year,5,0,0,0,1,1,0,1,0,0,2,0,0,0
come,14,0,1,0,3,2,1,1,1,1,4,0,0,0
love,21,1,1,0,4,2,0,6,2,2,2,0,1,0
brother,11,1,0,0,1,1,1,1,1,1,4,0,1,0
sister,7,0,1,0,1,2,0,1,0,0,2,0,0,0
famili,4,0,0,0,1,0,0,1,1,0,1,0,0,0
import,1,0,0,0,0,0,0,0,0,0,1,0,0,0
hous,1,0,0,0,0,0,0,0,0,0,0,0,1,0
know,9,1,1,0,0,0,1,1,0,2,0,1,2,0
rough,1,0,0,0,0,0,0,0,0,0,0,0,1,0
merri,1,0,0,0,0,0,0,0,0,0,0,0,1,0
happi,10,0,0,0,1,0,1,2,3,1,0,0,2,0
eve,1,0,0,0,1,0,0,0,0,0,0,0,0,0
better,5,0,0,0,0,0,1,1,1,0,1,0,1,0
place,5,0,0,0,0,0,1,1,1,1,1,0,0,0
sunris,2,0,0,0,0,0,0,1,0,0,1,0,0,0
sea,4,0,0,0,1,0,0,1,0,1,1,0,0,0
almost,4,0,0,0,0,0,1,1,0,0,2,0,0,0
civil,1,0,0,0,0,0,0,1,0,0,0,0,0,0
success,1,0,0,0,0,0,0,1,0,0,0,0,0,0
mission,3,0,0,0,0,0,0,2,1,0,0,0,0,0
map,2,0,0,0,0,1,0,1,0,0,0,0,0,0
post,13,1,1,0,4,2,0,2,2,2,0,0,0,0
photo,23,1,1,0,6,2,2,4,1,2,4,0,1,0
see,13,0,2,0,4,1,0,2,0,1,3,0,0,0
coupl,1,0,0,0,1,0,0,0,0,0,0,0,0,0
pt,1,0,0,0,1,0,0,0,0,0,0,0,0,0
concept,1,0,0,0,1,0,0,0,0,0,0,0,0,0
rise,2,0,0,0,1,0,0,0,0,0,1,0,0,0
shine,2,0,0,0,1,0,0,0,0,0,1,0,0,0
alway,3,0,0,0,0,1,0,0,1,0,0,0,1,0
home,12,2,0,0,2,1,1,0,1,0,4,0,1,0
rid,1,0,0,0,0,0,0,0,0,0,1,0,0,0
windi,1,0,0,0,0,0,0,0,1,0,0,0,0,0
paradis,1,0,0,0,0,0,0,0,0,0,1,0,0,0
round,3,0,0,0,0,0,0,0,2,0,1,0,0,0
today,15,0,0,0,2,1,0,1,2,3,2,1,0,2
pop,4,0,0,0,0,0,0,0,1,0,3,0,0,0
bruiser,4,0,0,0,0,0,2,0,1,0,1,0,0,0
fire,3,0,0,0,0,0,0,1,1,1,0,0,0,0
unfortun,1,0,0,0,0,0,0,0,1,0,0,0,0,0
cc,4,0,0,0,0,0,0,0,2,0,2,0,0,0
game,9,0,0,0,1,2,0,2,0,1,3,0,0,0
legit,2,0,0,0,0,0,0,0,0,0,1,0,0,0
greatest,4,0,0,0,0,0,0,1,0,1,2,0,0,0
ever,14,0,1,0,2,2,2,1,2,2,1,0,0,0
sis,2,0,0,0,0,0,0,0,0,0,1,0,1,0
take,5,1,0,0,0,0,0,1,0,0,2,0,1,0
answer,1,1,0,0,0,0,0,0,0,0,0,0,0,0
best,13,2,0,0,3,2,0,2,1,2,2,0,0,0
cat,2,1,0,0,0,0,0,0,0,1,0,0,0,0
world,8,1,0,0,1,1,0,1,1,0,2,0,1,0
follow,3,1,1,0,0,0,0,1,0,0,0,0,0,0
light,2,1,0,0,0,0,0,0,0,0,1,0,0,0
littl,24,1,1,0,5,2,1,2,6,1,3,0,2,0
yoga,1,0,0,0,0,0,0,0,1,0,0,0,0,0
throw,3,0,0,0,0,1,0,0,0,0,1,1,0,0
typic,1,0,0,0,0,0,0,0,1,0,0,0,0,0
airport,1,0,0,0,0,0,0,0,1,0,0,0,0,0
lop,1,0,0,0,0,0,0,0,1,0,0,0,0,0
repost,1,0,0,0,1,0,0,0,0,0,0,0,0,0
yeah,3,1,0,0,0,0,0,0,1,0,0,0,0,1
footbal,3,1,0,0,1,0,0,0,1,0,0,0,0,0
hey,5,0,0,0,1,0,0,2,0,0,0,0,1,1
guy,11,0,0,0,2,0,1,0,3,1,0,0,1,2
pucker,1,0,0,0,0,0,0,0,0,0,1,0,0,0
blow,2,0,0,0,0,0,0,0,1,0,1,0,0,0
shit,9,0,0,1,1,0,1,1,1,1,3,0,0,0
ha,1,0,0,0,0,0,0,0,1,0,0,0,0,0
bad,4,0,1,0,1,0,0,0,1,0,0,0,2,0
way,10,0,1,0,4,0,0,1,1,1,1,0,2,1
start,5,0,1,1,2,0,0,0,0,1,1,0,0,0
believ,4,0,1,0,1,0,0,2,0,0,1,0,0,0
call,3,1,1,0,1,0,1,0,1,0,0,0,0,0
work,8,0,2,0,2,1,1,0,0,0,3,0,0,0
health,2,1,0,0,0,1,0,0,0,0,0,0,0,0
food,1,1,0,0,0,0,0,0,0,0,0,0,0,0
fuel,1,0,1,0,0,0,0,0,0,0,0,0,0,0
sorri,2,0,0,0,1,0,0,0,0,0,0,0,0,0
mix,1,0,0,0,0,0,0,0,0,0,0,0,0,0
buddi,1,0,0,0,0,0,0,0,0,0,0,0,0,0
run,1,0,0,0,0,0,0,0,0,0,0,0,0,0
surf,4,0,0,0,1,0,0,0,0,0,1,0,0,0
school,1,0,0,0,0,0,0,0,0,0,0,0,0,0
pro,3,0,0,0,0,0,0,0,1,0,0,0,0,0
surfer,1,0,0,0,0,0,0,0,0,0,0,0,0,0
great,27,0,1,0,3,1,2,2,5,2,6,1,2,1
rang,1,0,0,0,0,0,0,0,0,0,0,0,0,0
newest,2,0,0,0,0,1,0,0,0,0,0,0,0,0
member,2,0,0,0,0,1,0,0,0,0,0,0,0,0
meet,2,0,0,0,0,0,0,0,0,1,0,0,0,0
might,2,1,0,0,0,0,0,0,1,0,0,0,0,0
bit,2,1,0,0,1,0,0,0,0,0,0,0,0,0
excess,1,1,0,0,0,0,0,0,0,0,0,0,0,0
protect,1,1,0,0,0,0,0,0,0,0,0,0,0,0
never,1,1,0,0,0,0,0,0,0,0,0,0,0,0
got,10,0,0,0,3,0,0,1,1,1,2,2,0,0
chair,1,0,0,0,0,0,0,0,0,0,1,0,0,0
bigger,1,0,0,0,0,0,0,0,0,0,1,0,0,0
southern,1,0,0,0,0,0,0,0,0,0,1,0,0,0
root,1,0,0,0,0,0,0,0,0,0,1,0,0,0
miss,10,0,0,0,0,1,2,3,5,0,0,0,0,0
earli,2,0,0,0,0,0,0,0,1,1,0,0,0,0
bird,3,0,0,0,0,1,0,0,1,1,0,0,0,0
worm,2,0,0,0,0,0,0,0,1,1,0,0,0,0
kiss,1,1,0,0,0,0,0,0,0,0,0,0,0,0
babi,6,1,1,0,1,0,0,0,0,0,1,1,1,0
eat,3,0,0,0,1,0,0,1,0,0,0,0,1,0
much,10,1,0,0,4,0,1,2,0,0,1,1,0,0
mercuri,1,0,0,0,1,0,0,0,0,0,0,0,0,0
sketchi,1,0,0,0,1,0,0,0,0,0,0,0,0,0
speed,2,0,0,0,1,0,0,0,1,0,0,0,0,0
morn,6,0,0,0,0,0,1,0,1,2,0,0,1,0
peopl,2,0,0,0,0,0,0,0,1,0,1,0,0,0
pretti,9,0,1,0,2,1,1,3,0,0,1,0,0,0
insan,6,0,2,0,0,1,1,1,0,0,1,0,0,0
sunset,8,0,2,0,2,0,0,0,2,2,0,0,0,0
tonight,8,0,2,0,0,0,0,2,2,0,1,0,1,0
camp,3,0,0,0,1,0,0,1,0,0,1,0,0,0
trip,2,0,0,0,1,0,0,0,0,0,1,0,0,0
life,9,0,0,0,1,1,0,2,0,1,4,0,0,0
also,1,0,0,0,0,0,0,0,0,0,1,0,0,0
c,1,0,0,0,0,0,0,0,0,0,1,0,0,0
owe,2,0,0,0,0,0,0,1,1,0,0,0,0,0
mayb,1,0,0,0,0,0,0,1,0,0,0,0,0,0
chow,1,0,0,0,0,0,0,1,0,0,0,0,0,0
sound,3,0,0,0,1,0,0,1,1,0,0,0,0,0
hear,2,0,1,0,0,0,0,0,1,1,0,0,0,0
salsa,1,0,1,0,0,0,0,0,1,0,0,0,0,0
music,3,0,1,0,0,0,0,0,3,0,0,0,0,0
victor,1,0,1,0,0,0,0,0,1,0,0,0,0,0
touchdown,1,0,1,0,0,0,0,0,1,0,0,0,0,0
danc,2,0,1,0,0,0,0,0,1,0,1,0,0,0
coconut,2,0,1,0,0,0,0,0,0,0,0,0,1,0
climb,1,0,1,0,0,0,0,0,0,0,0,0,0,0
street,1,0,1,0,0,0,0,0,0,0,0,0,0,0
feast,1,0,0,0,0,0,0,0,1,0,0,0,0,0
turkey,1,0,0,0,0,0,0,0,1,0,0,0,0,0
wave,2,0,0,0,0,1,0,0,1,0,0,0,0,0
someon,1,0,0,0,0,0,0,0,0,1,0,0,0,0
cuddl,2,0,0,0,0,0,0,0,0,1,0,0,1,0
trigger,2,0,0,0,0,0,0,1,0,1,0,0,0,0
watch,9,0,0,0,2,1,1,1,2,0,1,1,0,0
rip,2,0,0,0,0,0,0,0,1,0,1,0,0,0
score,3,0,0,0,0,0,0,1,1,0,1,0,0,0
pay,1,0,0,0,0,0,0,0,0,0,1,0,0,0
small,1,0,0,0,0,0,0,0,0,0,1,0,0,0
care,2,0,0,0,0,0,0,0,0,0,2,0,0,0
glad,1,0,0,0,0,0,0,0,0,0,1,0,0,0
yo,1,0,0,0,0,0,0,0,0,0,1,0,0,0
storm,1,0,0,0,1,0,0,0,0,0,0,0,0,0
chase,1,0,0,0,1,0,0,0,0,0,0,0,0,0
tub,1,0,0,0,1,0,0,0,0,0,0,0,0,0
worri,1,0,0,0,1,0,0,0,0,0,0,0,0,0
close,2,0,0,0,1,1,0,0,0,0,0,0,0,0
tast,1,0,0,0,1,0,0,0,0,0,0,0,0,0
octan,1,0,0,0,1,0,0,0,0,0,0,0,0,0
shop,2,1,0,0,1,0,0,0,0,0,0,0,0,0
playboy,2,0,0,0,2,0,0,0,0,0,0,0,0,0
anyon,2,0,0,0,1,0,0,1,0,0,0,0,0,0
late,7,1,0,0,2,1,0,1,2,0,1,0,0,0
albacor,1,0,0,0,0,0,0,0,1,0,0,0,0,0
crispi,1,0,0,0,0,0,0,0,1,0,0,0,0,0
onion,1,0,0,0,0,0,0,0,1,0,0,0,0,0
money,2,0,0,0,0,0,0,1,1,0,0,0,0,0
look,20,1,3,0,2,1,1,4,1,1,4,0,1,1
pick,1,1,0,0,0,0,0,0,0,0,0,0,0,0
wood,2,0,0,0,1,0,1,0,0,0,0,0,0,0
could,4,0,0,0,1,0,0,0,1,0,2,0,1,0
chuck,1,0,0,0,1,0,0,0,0,0,0,0,0,0
crack,1,0,0,0,0,0,0,1,0,0,0,0,0,0
made,2,0,0,0,0,1,0,0,0,0,1,0,0,0
la,2,0,1,0,0,0,0,0,0,0,1,0,0,0
fun,7,0,0,0,2,1,0,1,0,0,2,1,0,0
hill,1,0,0,0,0,0,0,0,0,0,1,0,0,0
golf,5,0,0,0,0,1,0,0,1,0,2,0,0,1
cours,2,0,0,0,0,0,1,0,0,0,1,0,0,0
show,2,0,0,0,1,0,0,0,0,0,1,0,0,0
classic,9,1,0,0,0,1,0,1,2,1,3,0,0,0
video,5,1,0,0,0,0,0,3,1,0,0,0,0,0
yoke,1,0,0,0,1,0,0,0,0,0,0,0,0,0
snoop,1,0,0,0,0,0,0,0,0,0,1,0,0,0
beach,3,0,0,0,0,0,0,0,0,0,3,0,0,0
chunki,1,0,0,0,0,1,0,0,0,0,0,0,0,0
butt,1,0,0,0,0,1,0,0,0,0,0,0,0,0
exercis,2,0,0,0,0,1,0,0,1,0,0,0,0,0
boat,2,1,0,0,1,0,0,0,0,0,0,0,0,0
largest,3,0,0,0,1,1,1,0,0,0,0,0,0,0
cave,2,0,0,0,1,0,0,1,0,0,0,0,0,0
use,1,0,0,0,1,0,0,0,0,0,0,0,0,0
channel,1,0,0,0,1,0,0,0,0,0,0,0,0,0
island,3,0,0,0,2,0,0,1,0,0,0,0,0,0
noth,3,0,0,0,0,0,0,1,0,0,2,0,0,0
open,1,0,0,0,0,0,0,0,0,0,1,0,0,0
ocean,1,0,0,0,0,0,0,0,0,0,1,0,0,0
lobster,1,0,0,0,0,0,0,1,0,0,0,0,0,0
treat,1,0,0,0,0,0,0,1,0,0,0,0,0,0
bubbl,1,0,0,0,0,0,0,1,0,0,0,0,0,0
machin,1,0,0,0,0,0,0,1,0,0,0,0,0,0
still,6,0,0,0,0,1,1,2,0,0,2,0,0,0
sad,1,0,0,0,0,0,0,1,0,0,0,0,0,0
excit,5,0,0,0,1,0,0,2,0,1,0,0,0,1
couch,2,0,0,0,0,0,0,1,1,0,0,0,0,0
hang,6,0,0,1,2,0,0,0,1,0,1,0,0,1
boy,19,0,1,0,1,0,2,4,6,2,3,0,1,0
told,1,0,0,0,0,0,0,1,0,0,0,0,0,0
smile,1,0,0,0,0,0,0,1,0,0,0,0,0,0
hug,1,1,0,0,0,0,0,0,0,0,0,0,0,0
chunk,3,1,0,0,1,0,1,0,0,0,0,0,0,0
hope,5,0,0,0,1,1,0,0,1,0,2,0,0,0
well,3,0,0,0,1,1,0,0,1,0,0,0,0,0
leg,1,0,0,0,0,0,0,0,0,0,1,0,0,0
least,1,0,0,0,0,1,0,0,0,0,0,0,0,0
congrat,4,0,0,0,0,1,0,1,0,0,0,0,0,1
win,5,0,0,0,0,1,0,0,0,1,1,0,1,0
team,4,0,1,0,1,0,1,0,1,0,0,0,0,0
bolt,2,0,0,0,1,0,0,1,0,0,0,0,0,0
said,2,0,0,0,0,0,0,1,1,0,0,0,0,0
say,4,0,1,0,0,0,0,1,1,0,1,0,0,0
presid,1,0,0,0,0,0,0,0,1,0,0,0,0,0
stay,3,0,0,0,0,0,1,0,0,0,1,0,1,0
awak,1,0,0,0,0,0,0,0,0,0,0,0,1,0
fore,1,0,0,0,1,0,0,0,0,0,0,0,0,0
kinki,1,0,0,0,0,0,0,1,0,0,0,0,0,0
forward,1,0,1,0,0,0,0,0,0,0,0,0,0,0
citi,2,0,1,0,0,0,0,0,1,0,0,0,0,0
tomorrow,2,0,0,0,1,0,0,0,0,0,1,0,0,0
flew,1,0,0,0,0,0,0,0,0,0,1,0,0,0
craziest,2,0,0,0,0,0,1,0,0,0,1,0,0,0
turbul,1,0,0,0,0,0,0,0,0,0,1,0,0,0
even,3,0,0,0,0,0,0,1,0,0,2,0,0,0
enjoy,3,0,0,0,0,0,0,0,1,0,1,0,1,0
virgin,1,0,0,0,0,0,0,1,0,0,0,0,0,0
high,4,0,0,0,0,0,0,1,1,1,0,0,1,0
f,2,0,0,0,0,1,0,1,0,0,0,0,0,0
ck,1,0,0,0,0,0,0,1,0,0,0,0,0,0
weekend,2,0,0,0,1,0,0,0,0,0,1,0,0,0
rage,5,1,0,0,1,1,1,0,0,0,0,0,1,0
us,5,0,0,0,1,0,0,1,0,2,0,0,1,0
bedtim,1,0,0,0,0,0,0,0,1,0,0,0,0,0
freedom,1,0,0,0,0,0,0,0,1,0,0,0,0,0
northern,1,0,0,0,0,0,0,0,1,0,0,0,0,0
first,3,0,0,0,0,0,1,1,1,0,0,0,0,0
may,2,0,0,0,0,0,1,1,0,0,0,0,0,0
creativ,3,0,0,0,1,0,0,0,0,1,0,0,1,0
talent,1,0,0,0,1,0,0,0,0,0,0,0,0,0
need,6,0,0,0,0,0,0,1,1,2,1,0,0,1
saniti,1,0,0,0,0,0,0,0,0,0,1,0,0,0
foot,2,0,1,0,0,0,0,0,0,0,1,0,0,0
injuri,1,0,0,0,0,0,0,0,0,0,1,0,0,0
suck,2,0,0,0,0,0,0,0,0,0,1,1,0,0
reason,3,0,0,0,1,1,0,0,1,0,0,0,0,0
squib,2,0,0,0,1,0,1,0,1,0,0,0,0,0
arriv,1,0,0,0,0,0,1,0,0,0,0,0,0,0
coastlin,1,0,0,0,0,0,0,0,0,0,1,0,0,0
readi,6,0,0,0,1,0,1,1,1,0,2,0,0,0
winter,1,0,0,0,0,0,0,0,0,0,1,0,0,0
minut,5,0,0,0,0,1,1,0,1,0,2,0,0,0
sinc,2,0,0,0,0,0,0,0,1,0,1,0,0,0
done,2,0,0,0,0,0,0,0,0,0,2,0,0,0
moment,1,0,0,0,0,0,0,0,0,0,1,0,0,0
histori,1,0,0,0,0,0,0,0,0,0,1,0,0,0
dream,1,0,0,0,1,0,0,0,0,0,0,0,0,0
shot,3,0,1,0,0,1,0,1,0,0,0,0,0,0
mountain,1,0,0,0,0,0,0,1,0,0,0,0,0,0
lion,1,0,0,0,0,0,0,1,0,0,0,0,0,0
saw,4,0,0,0,0,0,0,1,0,2,0,0,1,0
anoth,3,0,0,0,0,2,0,0,0,0,1,0,0,0
green,1,0,0,0,0,1,0,0,0,0,0,0,0,0
flash,1,0,0,0,0,1,0,0,0,0,0,0,0,0
sun,1,0,0,0,0,1,0,0,0,0,0,0,0,0
set,1,0,0,0,0,1,0,0,0,0,0,0,0,0
hard,6,0,0,0,1,1,1,0,0,0,2,0,1,0
bunch,1,0,0,0,0,0,0,0,0,0,0,0,1,0
taken,1,0,0,0,0,0,0,0,0,0,0,0,1,0
profession,1,0,0,0,0,0,0,0,0,0,0,0,1,0
snap,1,0,0,0,0,1,0,0,0,0,0,0,0,0
appl,1,0,0,0,0,1,0,0,0,0,0,0,0,0
bust,1,0,0,0,1,0,0,0,0,0,0,0,0,0
spi,1,0,0,0,1,0,0,0,0,0,0,0,0,0
creepi,1,0,0,0,1,0,0,0,0,0,0,0,0,0
step,1,0,0,1,0,0,0,0,0,0,0,0,0,0
break,2,0,0,1,0,0,0,0,0,0,1,0,0,0
target,2,0,0,0,0,1,0,0,0,1,0,0,0,0
practic,2,0,0,0,0,1,0,0,0,1,0,0,0,0
alreadi,2,0,0,0,0,0,1,0,1,0,0,0,0,0
plank,1,0,0,0,1,0,0,0,0,0,0,0,0,0
lazi,1,0,0,0,0,0,0,0,1,0,0,0,0,0
fart,1,0,0,0,0,0,0,0,1,0,0,0,0,0
somebodi,4,0,1,0,0,1,0,2,0,0,0,0,0,0
order,2,0,1,0,0,0,0,1,0,0,0,0,0,0
tripl,1,0,1,0,0,0,0,0,0,0,0,0,0,0
coffe,1,0,1,0,0,0,0,0,0,0,0,0,0,0
bean,1,0,1,0,0,0,0,0,0,0,0,0,0,0
agre,2,0,0,0,0,0,0,0,2,0,0,0,0,0
damn,2,0,1,0,1,0,0,0,0,0,0,0,0,0
bro,1,0,1,0,0,0,0,0,0,0,0,0,0,0
phone,3,0,0,0,1,0,1,0,2,0,0,0,0,0
serious,2,0,0,0,0,1,0,0,1,0,0,0,0,0
matrix,1,0,0,0,0,0,0,0,1,0,0,0,0,0
bounc,1,0,0,0,0,0,0,0,1,0,0,0,0,0
tri,2,0,0,0,0,0,0,0,1,1,0,0,0,0
kid,1,0,0,0,0,0,0,0,1,0,0,0,0,0
chariti,2,0,0,0,0,0,0,0,1,0,1,0,0,0
abl,1,0,0,0,0,1,0,0,1,0,0,0,0,0
spend,3,0,0,0,1,1,0,0,2,0,0,0,1,0
chill,2,0,1,0,0,0,0,0,1,0,0,0,0,0
legitim,1,0,0,0,0,0,0,0,0,0,1,0,0,0
scare,1,0,0,0,0,0,0,0,0,0,1,0,0,0
gone,1,0,0,0,0,0,0,1,0,0,0,0,0,0
let,4,0,0,0,0,0,1,1,0,0,1,0,1,0
els,4,0,0,0,0,1,0,2,0,0,1,0,0,0
rest,2,0,2,0,0,0,0,0,0,0,1,0,0,0
peac,1,0,1,0,0,0,0,0,0,0,1,0,0,0
till,2,0,0,0,1,0,0,1,0,0,0,0,0,0
eh,1,0,0,0,1,0,0,0,0,0,0,0,0,0
bathroom,1,0,0,0,0,0,0,0,1,0,0,0,0,0
rt,6,0,0,0,2,0,1,1,1,0,1,0,0,0
fan,3,0,0,1,1,0,0,1,0,0,0,0,0,0
happen,3,0,0,0,0,0,1,1,0,0,1,0,0,0
lesson,1,0,0,0,0,0,0,0,0,0,1,0,0,0
forget,1,0,0,0,0,0,0,0,0,0,1,0,0,0
raider,1,0,0,0,0,0,0,1,0,0,0,0,0,0
nation,1,0,0,0,0,0,0,1,0,0,0,0,0,0
view,1,0,0,0,0,0,1,0,0,0,0,0,0,0
anyth,2,0,0,0,0,1,0,0,0,0,0,1,0,0
mention,1,0,0,0,0,0,0,0,0,0,1,0,0,0
amp,2,0,0,0,0,0,0,2,0,0,0,0,0,0
non,3,0,0,0,0,0,1,1,0,1,0,0,0,0
breakfast,3,0,0,0,0,0,0,1,2,0,0,0,0,0
h,1,0,0,0,1,0,0,0,0,0,0,0,0,0
epic,8,0,0,0,1,1,2,0,1,1,1,0,1,0
aliv,1,0,0,0,0,1,0,0,0,0,0,0,0,0
barley,1,0,0,0,0,1,0,0,0,0,0,0,0,0
wilder,1,0,0,0,0,0,0,0,0,0,0,1,0,0
somewher,18,0,0,0,2,2,3,5,3,1,3,1,0,0
mani,3,1,0,0,0,0,0,0,1,0,0,0,0,1
wow,2,0,0,0,0,0,0,0,0,0,1,1,0,0
sweet,3,0,0,0,1,1,0,0,0,0,1,0,0,0
volcano,1,0,0,0,0,0,0,0,0,1,0,0,0,0
beauti,6,0,0,0,2,1,0,0,1,0,0,0,2,0
countri,1,0,0,0,0,0,0,0,0,0,0,0,1,0
central,7,0,0,0,1,1,2,1,1,1,1,0,0,0
realli,6,0,0,0,1,1,0,2,1,0,1,0,0,0
special,1,0,0,0,0,1,0,0,0,0,0,0,0,0
appreci,1,0,0,0,0,1,0,0,0,0,0,0,0,0
local,2,0,0,0,0,0,0,1,0,0,0,1,0,0
invit,1,0,0,0,0,0,0,1,0,0,0,0,0,0
dinner,1,0,0,0,0,0,0,1,0,0,0,0,0,0
hook,4,0,0,0,0,0,0,2,1,1,0,0,0,0
cool,2,0,0,0,0,0,0,1,1,0,0,0,0,0
experi,1,0,0,0,0,0,0,1,0,0,0,0,0,0
pinch,1,0,0,0,0,0,0,0,0,0,1,0,0,0
pump,2,0,0,0,0,1,1,0,0,0,0,0,0,0
wake,1,0,0,0,0,0,0,1,0,0,0,0,0,0
straight,1,0,0,0,0,0,0,0,0,0,1,0,0,0
bye,1,0,0,0,0,0,0,0,1,0,0,0,0,0
hair,2,0,0,0,0,0,0,1,1,0,0,0,0,0
yesterday,3,0,0,0,1,0,0,1,0,0,1,0,0,0
mother,3,0,0,0,1,0,0,0,0,1,1,0,0,0
fuck,2,1,0,0,0,0,0,1,0,0,0,0,0,0
charger,1,0,0,0,0,0,0,1,0,0,0,0,0,0
k,1,0,0,0,0,0,0,1,0,0,0,0,0,0
case,1,0,0,0,0,0,0,0,1,0,0,0,0,0
earthquak,2,0,1,0,0,0,0,0,0,0,1,0,0,0
crazi,5,0,0,0,0,0,0,1,0,0,3,1,0,0
feel,5,0,0,0,0,1,0,2,0,0,2,0,0,0
crew,2,0,0,0,0,0,0,1,0,0,1,0,0,0
ashi,1,0,0,0,0,0,0,0,1,0,0,0,0,0
burnt,1,0,0,0,0,0,0,0,1,0,0,0,0,0
parti,3,0,0,0,0,0,0,1,0,2,0,0,0,0
birthday,6,0,0,0,0,0,0,2,1,2,0,0,1,0
fresh,3,0,0,0,1,0,0,1,0,0,1,0,0,0
kind,1,0,0,0,0,0,0,0,0,1,0,0,0,0
wish,3,0,0,0,1,0,0,0,0,1,1,0,0,0
hit,1,0,0,0,0,0,1,0,0,0,0,0,0,0
feed,1,0,0,0,0,0,0,0,0,0,0,1,0,0
seal,1,0,0,0,0,0,0,0,0,0,0,1,0,0
remind,1,0,0,0,0,0,0,0,0,0,0,1,0,0
dog,3,0,0,0,1,0,0,1,0,0,0,1,0,0
bloodi,1,0,0,0,0,0,0,0,0,0,1,0,0,0
limit,3,0,0,0,0,1,0,0,0,0,2,0,0,0
tuna,1,0,0,0,0,0,0,0,0,0,1,0,0,0
ground,1,0,0,0,0,0,0,0,0,0,1,0,0,0
border,1,0,0,0,1,0,0,0,0,0,0,0,0,0
weapon,1,0,0,0,0,0,0,1,0,0,0,0,0,0
check,3,0,0,0,0,0,1,0,0,1,0,1,0,0
compani,1,0,0,0,0,0,0,0,0,1,0,0,0,0
mason,2,0,0,0,0,0,0,0,1,0,0,0,1,0
went,3,0,0,0,0,0,0,0,1,0,0,0,2,0
big,3,0,0,0,0,0,0,0,0,1,1,0,1,0
cake,1,0,0,0,0,0,0,0,0,0,0,0,1,0
cute,5,0,0,0,0,1,0,0,2,0,1,0,1,0
seen,5,0,1,0,0,0,1,2,0,1,0,0,0,0
everyday,1,0,0,0,0,0,0,0,0,0,1,0,0,0
poker,1,0,0,0,0,0,0,0,1,0,0,0,0,0
felt,1,0,1,0,0,0,0,0,0,0,0,0,0,0
natur,2,0,0,0,0,0,0,0,1,1,0,0,0,0
grate,1,0,0,0,0,0,0,0,0,1,0,0,0,0
fish,3,0,1,0,1,0,0,0,1,0,0,0,0,0
nobodi,1,0,0,0,0,0,0,0,0,1,0,0,0,0
greet,1,0,0,0,0,0,0,0,0,1,0,0,0,0
oh,8,0,0,0,0,0,0,0,5,1,2,0,0,0
number,1,0,0,0,0,0,0,1,0,0,0,0,0,0
complet,1,0,0,0,0,0,0,1,0,0,0,0,0,0
journey,1,0,0,0,0,0,0,0,0,0,1,0,0,0
air,1,0,0,0,0,0,0,0,1,0,0,0,0,0
stare,1,0,0,0,0,0,1,0,0,0,0,0,0,0
funni,1,0,0,0,0,0,1,0,0,0,0,0,0,0
champ,1,0,1,0,0,0,0,0,0,0,0,0,0,0
earlier,1,0,0,0,0,0,0,0,0,1,0,0,0,0
easi,1,0,0,0,0,0,0,0,0,1,0,0,0,0
ride,1,0,0,0,0,0,1,0,0,0,0,0,0,0
aquarium,1,0,0,0,0,0,0,1,0,0,0,0,0,0
awesom,4,0,0,0,0,0,0,3,0,0,1,0,0,0
bike,1,0,0,0,0,1,0,0,0,0,0,0,0,0
drive,2,0,0,0,1,0,1,0,0,0,0,0,0,0
road,2,0,0,0,1,0,1,0,0,0,0,0,0,0
creep,1,0,0,0,0,0,0,0,0,1,0,0,0,0
around,3,0,0,0,0,0,0,0,0,2,1,0,0,0
outsid,1,0,0,0,0,0,0,0,0,1,0,0,0,0
inch,1,0,0,0,0,0,0,0,1,0,0,0,0,0
flat,1,0,0,0,0,0,0,0,1,0,0,0,0,0
screen,1,0,0,0,0,0,0,0,1,0,0,0,0,0
hen,1,0,0,0,0,0,0,0,0,0,0,1,0,0
ken,1,0,0,0,0,0,0,1,0,0,0,0,0,0
doll,1,0,0,0,0,0,0,1,0,0,0,0,0,0
drink,5,0,0,0,0,0,3,1,2,0,0,0,0,0
soon,2,0,0,0,0,0,0,0,1,0,0,0,0,1
holi,1,0,0,0,0,0,0,0,0,1,0,0,0,0
sky,1,0,0,0,0,0,0,0,0,0,1,0,0,0
appar,1,0,0,0,0,0,0,1,0,0,0,0,0,0
zombi,1,0,0,0,0,0,0,1,0,0,0,0,0,0
ladi,1,0,0,0,0,0,0,0,1,0,0,0,0,0
end,2,0,0,0,0,0,0,0,0,1,1,0,0,0
tunnel,2,0,0,0,1,0,0,0,0,0,1,0,0,0
summer,1,0,0,0,0,1,0,0,0,1,0,0,0,0
goe,1,0,0,0,0,0,0,0,1,0,0,0,0,0
cutest,3,0,1,0,0,0,0,0,1,1,0,0,0,0
lip,2,0,0,0,0,0,1,1,0,0,0,0,0,0
stop,1,0,1,0,0,0,0,0,0,0,0,0,0,0
bring,2,0,0,0,0,0,0,0,1,0,0,0,1,0
wetsuit,1,0,0,0,0,0,0,0,1,0,0,0,0,0
tan,1,0,0,0,0,0,0,0,1,0,0,0,0,0
hell,3,0,0,0,0,0,1,1,0,0,1,0,0,0
neck,1,0,0,0,0,0,1,0,0,0,0,0,0,0
loos,1,0,0,0,0,0,1,0,0,0,0,0,0,0
pound,2,0,1,0,0,0,1,0,0,0,0,0,0,0
mile,2,0,0,0,0,0,0,1,0,1,0,0,0,0
scenic,1,0,0,0,0,0,0,1,0,0,0,0,0,0
face,1,0,0,0,0,0,0,1,0,0,0,0,0,0
backstab,1,0,0,0,0,0,0,1,0,0,0,0,0,0
crush,4,0,0,0,1,0,1,1,1,0,0,0,0,0
ball,3,0,0,0,1,0,0,0,1,0,1,0,0,0
weird,1,0,0,0,1,0,0,0,0,0,0,0,0,0
older,1,0,0,0,0,0,0,0,0,0,1,0,0,0
shirtless,1,0,0,0,0,0,0,0,0,0,1,0,0,0
fool,1,0,0,0,0,0,0,0,0,0,1,0,0,0
lunch,1,0,0,0,0,0,0,0,1,0,0,0,0,0
far,1,0,1,0,0,0,0,0,0,0,0,0,0,0
hottest,2,0,1,0,0,0,1,0,0,0,0,0,0,0
girl,5,1,2,0,1,0,0,0,0,0,1,0,0,0
sum,1,0,0,0,0,0,1,0,0,0,0,0,0,0
probabl,1,0,0,0,0,0,0,1,0,0,0,0,0,0
word,1,0,0,0,0,0,0,1,0,0,0,0,0,0
describ,1,0,0,0,0,0,0,1,0,0,0,0,0,0
wash,1,0,0,0,0,0,0,0,1,0,0,0,0,0
guess,1,0,0,0,0,0,0,0,0,0,1,0,0,0
pass,1,0,0,0,0,0,0,0,0,0,1,0,0,0
access,1,0,0,0,0,0,0,0,0,0,1,0,0,0
support,2,0,0,0,0,0,0,0,0,0,1,0,1,0
brand,1,0,0,0,0,0,0,0,0,0,1,0,0,0
dollar,1,0,0,0,0,0,0,0,1,0,0,0,0,0
hole,1,0,0,0,0,0,0,0,1,0,0,0,0,0
part,2,0,0,0,0,0,0,0,1,0,1,0,0,0
gave,1,0,0,0,0,0,0,0,1,0,0,0,0,0
half,1,0,0,0,0,0,0,0,1,0,0,0,0,0
helicopt,1,0,0,0,0,0,0,0,0,0,1,0,0,0
drop,1,0,0,0,0,0,0,0,0,0,1,0,0,0
event,1,0,0,0,0,0,0,0,0,0,1,0,0,0
sober,1,0,0,0,0,0,0,0,0,0,1,0,0,0
father,2,0,0,0,0,1,0,1,0,0,0,0,0,0
son,1,0,0,0,0,0,0,1,0,0,0,0,0,0
power,1,0,0,0,0,0,0,0,1,0,0,0,0,0
superstar,1,0,0,0,0,0,0,0,1,0,0,0,0,0
broke,2,0,0,0,0,1,0,0,0,0,0,0,1,0
record,3,0,0,0,0,1,0,1,0,0,0,0,1,0
share,1,0,0,0,0,0,0,0,0,0,0,0,1,0
dad,3,0,0,0,1,1,0,0,0,0,0,0,1,0
holder,1,0,0,0,0,0,0,1,0,0,0,0,0,0
wit,1,0,0,0,0,0,0,1,0,0,0,0,0,0
male,1,0,0,0,1,0,0,0,0,0,0,0,0,0
athlet,4,1,0,0,1,0,0,0,0,0,1,1,0,0
hot,3,0,0,0,2,0,0,0,0,0,0,1,0,0
beast,2,0,0,0,1,0,1,0,0,0,0,0,0,0
femal,1,0,0,0,0,0,0,0,0,0,0,1,0,0
condit,1,1,0,0,0,0,0,0,0,0,0,0,0,0
train,1,0,0,0,0,1,0,0,0,0,0,0,0,0
realiti,1,0,0,0,0,0,0,0,0,0,1,0,0,0
star,3,1,0,0,0,0,1,0,0,1,1,0,0,0
heaven,2,0,0,0,0,1,0,0,0,0,1,0,0,0
right,2,0,0,0,0,1,0,0,0,0,1,0,0,0
came,2,0,1,0,0,0,0,1,0,0,0,0,0,0
tabl,1,0,1,0,0,0,0,0,0,0,0,0,0,0
would,1,0,0,0,0,0,0,0,0,0,1,0,0,0
smoke,1,0,0,0,0,0,0,0,0,0,1,0,0,0
live,2,0,0,0,1,0,0,0,0,0,1,0,0,0
piec,1,0,0,0,1,0,0,0,0,0,0,0,0,0
fit,2,0,0,0,1,0,0,1,0,1,0,0,0,0
interview,2,0,0,0,1,1,0,0,0,0,0,0,0,0
hold,1,0,0,0,0,1,0,0,0,0,0,0,0,0
signal,1,0,0,0,0,0,0,0,0,0,0,0,1,0
confus,1,0,0,0,0,0,0,0,0,0,0,0,1,0
trial,1,0,0,0,0,0,0,0,0,0,0,1,0,0
old,3,0,0,0,0,0,1,0,0,0,0,1,1,0
deal,1,0,0,0,1,0,0,0,0,0,0,0,0,0
side,1,0,0,0,0,0,0,0,0,0,1,0,0,0
perm,1,0,0,0,0,0,0,0,0,0,1,0,0,0
sick,1,0,0,0,0,0,0,1,0,0,0,0,0,0
sweat,1,0,1,0,0,0,0,0,0,0,0,0,0,0
rainbow,1,0,0,0,1,0,0,0,0,0,0,0,0,0
king,1,0,0,0,0,0,0,0,0,1,0,0,0,0
penthous,1,0,0,0,0,0,0,0,0,1,0,0,0,0
mi,1,0,0,0,0,0,0,0,0,1,0,0,0,0
tend,1,0,0,0,0,1,0,0,0,0,0,0,0,0
interest,2,0,0,0,0,1,0,0,1,0,0,0,0,0
hike,2,0,0,0,0,1,0,0,1,0,0,0,0,0
busi,1,0,0,0,0,0,0,1,0,0,0,0,0,0
card,2,0,0,0,0,0,0,1,0,1,0,0,0,0
radio,2,0,0,0,1,0,0,0,0,1,0,0,0,0
pleas,3,0,1,0,0,0,0,2,0,0,0,0,0,0
help,1,0,0,0,0,0,0,1,0,0,0,0,0,0
dear,1,0,0,0,0,0,0,1,0,0,0,0,0,0
rais,3,0,0,0,1,0,0,1,1,0,0,0,0,0
cancer,1,0,0,0,0,0,0,1,0,0,0,0,0,0
cup,1,0,0,0,0,1,0,0,0,0,0,0,0,0
graduat,1,0,0,0,0,0,0,0,0,0,0,0,1,0
memori,2,0,0,0,0,0,0,0,0,0,1,0,1,0
hide,1,0,0,0,0,0,0,0,1,0,0,0,0,0
protein,1,0,0,0,0,0,0,0,0,0,1,0,0,0
god,1,0,0,0,0,0,1,0,0,0,0,0,0,0
plum,1,0,0,0,0,0,0,0,0,0,1,0,0,0
jam,1,0,0,0,0,0,0,0,0,0,1,0,0,0
grumpi,1,0,0,0,0,0,0,1,0,0,0,0,0,0
ceil,1,0,0,1,0,0,0,0,0,0,0,0,0,0
kick,1,0,0,0,0,0,0,0,0,0,1,0,0,0
goodby,1,0,0,0,0,0,1,0,0,0,0,0,0,0
away,1,0,0,0,0,0,1,0,0,0,0,0,0,0
killer,1,0,0,0,0,0,0,0,0,1,0,0,0,0
heard,1,0,0,0,0,0,0,0,0,1,0,0,0,0
helmet,1,0,0,0,0,0,0,0,0,1,0,0,0,0
coast,1,0,0,0,1,0,0,0,0,0,0,0,0,0
amaz,6,1,0,0,1,0,1,1,0,0,1,0,0,1
except,1,1,0,0,0,0,0,0,0,0,0,0,0,0
exchang,1,1,0,0,0,0,0,0,0,0,0,0,0,0
creeper,1,1,0,0,0,0,0,0,0,0,0,0,0,0
note,1,1,0,0,0,0,0,0,0,0,0,0,0,0
calamari,1,0,0,0,0,0,1,0,0,0,0,0,0,0
catch,2,0,1,0,0,0,0,0,0,0,0,0,1,0
energi,1,0,0,0,0,0,0,1,0,0,0,0,0,0
white,1,0,0,0,0,0,0,1,0,0,0,0,0,0
powder,1,0,0,0,0,0,0,1,0,0,0,0,0,0
substanc,1,0,0,0,0,0,0,1,0,0,0,0,0,0
public,1,0,0,0,0,0,0,0,1,0,0,0,0,0
exclus,1,0,0,0,0,0,0,1,0,0,0,0,0,0
maxim,1,0,0,0,0,0,0,1,0,0,0,0,0,0
via,2,0,0,0,0,0,1,1,0,0,0,0,0,0
long,1,0,0,0,0,0,0,1,0,0,0,0,0,0
stoke,1,0,0,0,0,0,1,0,0,0,0,0,0,0
cousin,1,0,0,0,0,0,0,0,1,0,0,0,0,0
tire,2,0,0,0,0,1,0,0,1,0,0,0,0,0
clan,1,0,0,0,0,1,0,0,0,0,0,0,0,0
ticket,1,0,0,0,0,0,0,0,0,0,1,0,0,0
tour,1,0,0,0,0,0,0,0,0,0,1,0,0,0
wors,1,0,0,0,0,0,0,0,0,1,0,0,0,0
marri,1,0,0,0,0,0,0,0,0,1,0,0,0,0
insid,1,0,0,0,1,0,0,0,0,0,0,0,0,0
chicken,1,0,0,0,0,0,0,0,0,0,0,0,1,0
grind,1,0,0,0,0,0,0,0,0,0,0,0,1,0
explor,1,0,0,0,0,0,0,1,0,0,0,0,0,0
beat,1,0,0,0,0,0,0,0,1,0,0,0,0,0
kinda,1,0,0,0,0,0,0,0,0,1,0,0,0,0
sure,1,0,0,0,0,0,0,0,0,0,1,0,0,0
lymphoma,1,0,0,0,1,0,0,0,0,0,0,0,0,0
must,1,0,0,0,1,0,0,0,0,0,0,0,0,0
transplant,1,0,0,0,1,0,0,0,0,0,0,0,0,0
chanc,1,0,0,0,0,0,0,0,0,1,0,0,0,0
gift,1,0,0,0,0,0,0,0,0,1,0,0,0,0
log,2,0,0,0,0,1,0,0,0,1,0,0,0,0
search,2,0,0,0,0,1,0,0,0,1,0,0,0,0
tournament,1,0,0,0,0,0,0,0,0,1,0,0,0,0
talk,2,0,0,0,0,1,0,0,1,0,0,0,0,0
ventur,1,0,0,0,0,1,0,0,0,0,0,0,0,0
plan,1,0,0,0,0,1,0,0,0,0,0,0,0,0
report,1,0,0,0,0,1,0,0,0,0,0,0,0,0
recreat,1,0,0,0,0,0,0,0,0,0,0,0,1,0
free,2,0,0,0,0,1,0,0,0,0,0,0,1,0
gym,1,0,0,0,0,1,0,0,0,0,0,0,0,0
read,1,0,1,0,0,0,0,0,0,0,0,0,0,0
want,3,0,1,0,0,0,1,0,0,0,0,0,1,0
social,1,0,0,0,0,0,1,0,0,0,0,0,0,0
casino,3,0,0,0,0,1,1,0,0,1,0,0,0,0
web,1,0,0,0,0,0,1,0,0,0,0,0,0,0
tom,2,0,0,0,0,0,1,0,0,1,0,0,0,0
join,1,0,0,0,0,0,1,0,0,0,0,0,0,0
advisor,1,0,0,0,0,0,1,0,0,0,0,0,0,0
traffic,1,0,1,0,0,0,0,0,0,0,0,0,0,0
launch,3,0,0,0,0,2,0,0,0,1,0,0,0,0
platform,1,0,0,0,0,1,0,0,0,0,0,0,0,0
offic,1,0,0,0,0,0,0,0,0,1,0,0,0,0
scallop,1,0,0,0,0,0,0,1,0,0,0,0,0,0
anyway,1,0,0,0,0,0,0,0,1,0,0,0,0,0
luck,1,0,0,0,0,0,0,0,1,0,0,0,0,0
spell,1,0,0,0,0,0,0,0,0,0,0,1,0,0
error,1,0,0,0,0,0,0,0,0,0,0,1,0,0
shoot,1,0,0,0,0,0,0,0,0,0,0,1,0,0
tall,1,0,0,0,0,0,0,0,0,0,1,0,0,0
fade,1,0,0,0,0,0,0,0,0,0,1,0,0,0
futur,1,0,0,0,1,0,0,0,0,0,0,0,0,0
poni,1,0,0,0,0,0,0,1,0,0,0,0,0,0
porno,1,1,0,0,0,0,1,0,0,0,0,0,0,0
lead,1,1,0,0,0,0,1,0,0,0,0,0,0,0
dong,1,1,0,0,0,0,1,0,0,0,0,0,0,0
financ,1,1,0,0,0,0,1,0,0,0,0,0,0,0
keep,1,0,1,0,0,0,0,0,0,0,0,0,0,0
heart,1,0,1,0,0,0,0,0,0,0,0,0,0,0
healthi,1,0,1,0,0,0,0,0,0,0,0,0,0,0
classi,1,0,1,0,0,0,0,0,0,0,0,0,0,0
wind,1,0,0,0,1,0,0,0,0,0,0,0,0,0
jump,1,0,0,0,1,0,0,0,0,0,0,0,0,0
spoon,1,0,0,0,0,0,0,0,0,0,0,0,1,0
awe,1,0,0,0,0,0,0,0,1,0,0,0,0,0
kill,1,0,0,0,0,0,0,0,0,0,1,0,0,0
solo,1,0,0,0,0,1,0,0,0,0,0,0,0,0
de,2,0,0,0,0,0,1,0,0,0,1,0,0,0
sneak,1,0,0,0,0,0,0,0,0,1,0,0,0,0
glass,1,0,0,0,0,0,0,0,0,1,0,0,0,0
boyfriend,1,0,0,0,0,1,0,0,0,0,0,0,0,0
overpr,1,0,0,0,0,0,0,0,0,0,0,0,1,0
sport,1,0,0,0,0,0,0,0,0,0,0,0,1,0
car,2,0,0,0,0,0,0,0,0,0,0,0,2,0
advantag,1,0,0,0,0,0,0,0,0,0,0,0,1,0
vitamin,1,0,0,0,0,0,0,0,1,0,0,0,0,0
barn,1,0,0,0,0,0,0,0,1,0,0,0,0,0
addict,1,0,0,0,0,0,1,0,0,0,0,0,0,0
gasolin,1,0,0,0,0,0,1,0,0,0,0,0,0,0
snack,1,0,0,0,0,0,0,0,0,0,1,0,0,0
chock,1,0,0,0,1,0,0,0,0,0,0,0,0,0
planet,1,0,0,0,0,0,0,0,0,0,0,0,1,0
ape,1,0,0,0,0,0,0,0,0,0,0,0,1,0
pancak,2,0,0,0,0,0,0,2,0,0,0,0,0,0
other,1,1,0,0,0,0,0,0,0,0,0,0,0,0
yes,1,0,0,0,0,1,0,0,0,0,0,0,0,0
eye,1,0,0,0,0,0,0,0,0,0,0,0,1,0
turn,2,0,0,0,0,0,0,0,0,0,0,0,2,0
blue,1,0,0,0,0,0,0,0,0,0,0,0,1,0
taco,1,0,0,0,0,0,0,0,1,0,0,0,0,0
girlfriend,1,0,0,0,1,0,0,0,0,0,0,0,0,0
chopper,1,0,0,0,0,0,0,0,0,0,1,0,0,0
drove,1,0,0,0,0,0,1,0,0,0,0,0,0,0
soft,1,0,0,0,0,0,0,0,0,0,1,0,0,0
proud,1,0,0,0,0,0,0,1,0,0,0,0,0,0
inspir,1,0,0,0,0,0,0,1,0,0,0,0,0,0
everybodi,2,0,0,0,0,0,0,0,0,0,1,0,1,0
blaze,1,0,0,0,0,0,0,1,0,0,0,0,0,0
garden,1,0,0,0,0,1,0,0,0,0,0,0,0,0
dude,1,0,0,0,0,0,0,0,1,0,0,0,0,0
hangov,1,0,0,0,1,0,0,0,0,0,0,0,0,0
sickest,1,0,0,0,1,0,0,0,0,0,0,0,0,0
funk,1,0,0,0,0,0,0,0,0,0,1,0,0,0
n,1,0,0,0,0,0,0,0,0,0,1,0,0,0
everyth,1,0,0,0,0,1,0,0,0,0,0,0,0,0
physic,1,0,0,0,0,1,0,0,0,0,0,0,0,0
spread,1,0,0,0,0,1,0,0,0,0,0,0,0,0
accept,1,0,0,0,0,0,0,0,0,0,1,0,0,0
beyond,1,0,0,0,0,0,0,0,0,0,1,0,0,0
fault,1,0,0,0,0,0,0,0,1,0,0,0,0,0
race,1,0,0,0,0,0,0,0,0,0,0,0,1,0
seem,1,0,0,0,0,0,0,0,1,0,0,0,0,0
less,1,0,0,0,0,0,0,0,1,0,0,0,0,0
bright,1,0,0,0,0,0,0,0,1,0,0,0,0,0
without,1,0,0,0,0,0,0,0,1,0,0,0,0,0
dose,1,0,0,0,0,0,0,0,1,0,0,0,0,0
flesh,1,0,0,0,0,0,0,0,1,0,0,0,0,0
sunni,1,0,0,0,0,0,0,0,1,0,0,0,0,0
predict,1,0,0,0,0,0,1,0,0,0,0,0,0,0
correct,1,0,0,0,0,0,1,0,0,0,0,0,0,0
track,1,0,0,0,0,0,0,0,0,0,1,0,0,0
dri,1,0,0,0,0,0,0,0,0,0,1,0,0,0
sleep,1,0,0,0,0,0,0,0,0,0,0,0,0,1
apex,1,0,0,0,0,0,0,0,0,0,0,0,0,1
opportun,1,0,0,0,0,0,0,0,0,0,0,0,0,1
coach,1,0,0,0,0,0,0,0,0,0,1,0,0,0
competit,1,0,0,0,0,0,0,0,0,0,1,0,0,0
twit,1,0,0,0,0,0,0,0,0,0,1,0,0,0
